{
    "brief": "This is SpecOps selection; the toughest military test in the world.\n\nOnly 10% of you will make the cut. Have you got what it takes Lima 8? Lets move it!\n\n&nbsp;",
    "duration": 1800,
    "events": [
        {
            "audio": "1B1",
            "eventName": "m001-scene01",
            "eventType": "dialogue",
            "pickupID": "",
            "timeCode": 1
        },
        {
            "audio": "1C",
            "eventName": "m001-scene02",
            "eventType": "dialogue",
            "pickupID": "",
            "timeCode": 180
        },
        {
            "audio": "1D",
            "eventName": "m001-scene03",
            "eventType": "dialogue",
            "pickupID": "",
            "timeCode": 240
        },
        {
            "audio": "1E1",
            "eventName": "m001-scene04",
            "eventType": "dialogue",
            "pickupID": "",
            "timeCode": 360
        },
        {
            "audio": "1G",
            "eventName": "m001-scene05",
            "eventType": "dialogue",
            "pickupID": "",
            "timeCode": 540
        },
        {
            "audio": "1F",
            "eventName": "m001-scene06",
            "eventType": "dialogue",
            "pickupID": "",
            "timeCode": 720
        },
        {
            "audio": "1I",
            "eventName": "m001-scene07",
            "eventType": "dialogue",
            "pickupID": "",
            "timeCode": 840
        },
        {
            "audio": "1J",
            "eventName": "m001-scene08",
            "eventType": "dialogue",
            "pickupID": "",
            "timeCode": 840
        },
        {
            "audio": "1K",
            "eventName": "m001-scene09",
            "eventType": "dialogue",
            "pickupID": "",
            "timeCode": 960
        },
        {
            "audio": "1L",
            "eventName": "m001-scene10",
            "eventType": "dialogue",
            "pickupID": "",
            "timeCode": 1080
        },
        {
            "audio": "1M",
            "eventName": "m001-scene11",
            "eventType": "dialogue",
            "pickupID": "",
            "timeCode": 1260
        },
        {
            "audio": "1N",
            "eventName": "m001-scene12",
            "eventType": "dialogue",
            "pickupID": "",
            "timeCode": 1380
        },
        {
            "audio": "1O",
            "eventName": "m001-scene13",
            "eventType": "dialogue",
            "pickupID": "",
            "timeCode": 1500
        },
        {
            "audio": "1P",
            "eventName": "m001-scene14",
            "eventType": "dialogue",
            "pickupID": "",
            "timeCode": 1620
        },
        {
            "audio": "1R1",
            "eventName": "m001-scene15",
            "eventType": "dialogue",
            "pickupID": "",
            "timeCode": 1630
        },
        {
            "audio": "1T",
            "eventName": "m001-scene16",
            "eventType": "dialogue",
            "pickupID": "",
            "timeCode": 1740
        },
        {
            "audio": "1U",
            "eventName": "m001-scene17",
            "eventType": "dialogue",
            "pickupID": "",
            "timeCode": 1740
        },
        {
            "audio": "1V",
            "eventName": "m001-scene18",
            "eventType": "dialogue",
            "pickupID": "",
            "timeCode": 1755
        },
        {
            "audio": "1W",
            "eventName": "m001-scene19",
            "eventType": "dialogue",
            "pickupID": "",
            "timeCode": 1770
        },
        {
            "audio": "1X",
            "eventName": "m001-scene20",
            "eventType": "dialogue",
            "pickupID": "",
            "timeCode": 1800
        }
    ],
    "name": "Mission 01: ENDURANCE",
    "publicationDate": "2014-04-18 20:00:26"
}
